id,name,lastBackup,url
"295515750564317","Hackers at EPFL",2014-05-07T16:01:59Z,"hackepfl"
"491311300959981","المكتب الإعلامي الرسمي لأبناء الجولان والقنيطرة للحراك الثوري والعسكري",2014-05-07T14:04:17Z,"491311300959981"
"309212095826510","دولتي",2014-05-07T14:05:24Z,"dawlaty.org"
"300181323421463","الناشط علي احمد ياسين الصفحة الرسمية",2014-05-07T16:01:33Z,"ali.ahmaed.yasen"
"124245714420564","مكتب النخبة الإعلامي بديرالزور",2014-05-07T14:02:53Z,"nokhbaderezzor"
"470012823084803","لكي لاننسى البطل ابو قاسم القيطاوي",2014-05-07T16:01:34Z,"470012823084803"
"527877683899730","كتيبة شهداء قيطة",2014-05-07T14:08:58Z,"527877683899730"
"188166938048153","تنسيقية مدينة إنخل",2014-05-07T14:04:30Z,"inkhelcity"
"100000063934079","Олександр Аронець",2014-05-07T14:02:51Z,"oleksandr.aronets"
"556163381134508","المسيفرة اون لاين",2014-05-07T14:12:38Z,"musifrah.online"
"172216772946804","المكتب الاعلامي الموحدلمنطقة الجيدور",2014-05-07T14:10:34Z,"aljedor"
"175743732624093","Ghabaghib Media Office",2014-05-07T14:10:48Z,"GhabaghibMedia"
"268819249891028","شبكة أخبار ثوار طفس Tafas rebels News network",2014-05-07T14:04:59Z,"Shabakt.Akhbar.Shabab.Tafas"
"320205531409052","ننتصر او نستشهد ( شباب البالتوك )",2014-05-07T14:04:04Z,"Nantaser.Ao.Nastashhed"
"214243722110549","Just one day",2014-05-07T14:02:53Z,"214243722110549"
"591142617606635","الناشط أبو مصطفى البانياسي",2014-05-07T16:02:39Z,"abo.most.banyase"
"1438838666332560","شبكة أخبار ثوار بسقلا",2014-05-07T14:03:31Z,"1438838666332560"
"1431818520367345","تنسيقية حمص-حي الرفاعي",2014-05-07T14:04:23Z,"HOMS.ALREFAE"
"731771926850844","اللاجئون السورين في لبنان",2014-05-07T14:04:25Z,"ksston"
"266179230212388","Martyrs Of Daraa",2014-05-07T14:02:42Z,"2MartyrsOfDaraa"
"155454891269868","شهداء مدينة إنخل في ثورة الكرامة",2014-05-07T14:13:19Z,"inn.Martyrs"
"1423231177906011","جـــمـــعــــيـــــة شـــــام الـــــخــــيــــريـــــة",2014-05-07T14:12:33Z,"Association.Cham.charity"
"343344422432915","قوات الدفاع الوطني في محافظة السويداء National  Defense  Forces in ""Sweida",2014-05-07T14:03:03Z,"N.D.F.Swaida"
"416888841752679","رابطة محبي قوات الدفاع الوطني-Association of National Defense Forces lovers",2014-05-07T14:10:52Z,"416888841752679"
"570617062995384","إعلام الدفاع الوطني باللاذقية و ريفها",2014-05-07T16:02:13Z,"NATIONAL.DEFENSE.LATTAKIA"
"310178745785238","قوات الدفاع الوطني - حلب",2014-05-07T14:03:13Z,"aleppo.ndf"
"153489011518458","الدفاع الوطني - مركز طرطوس",2014-05-07T14:03:59Z,"ndfmediatar"
"442601962473872","أسود الدفاع الوطني في حماه",2014-05-07T14:02:49Z,"Hama.National.Defence"
"197059693773832","قوات الدفاع الوطني - فوج الشهيد سعد زمام",2014-05-07T14:04:03Z,"SaadZamam"
"134564103411802","قوات الدفاع الوطني . مركز الجولان . كتيبة الشهيد جواد أنزور",2014-05-07T16:01:09Z,"JwadAnzorBattalion"
"642022059171193","الدفاع الوطني - حمص وريفها",2014-05-07T14:02:51Z,"national.defense.homs"
"1620271184","Flavio Bernardotti",2014-05-07T14:11:08Z,"Flavio58"
"1420104071537329","شهداء الدفاع الوطني في سورية",2014-05-07T14:05:29Z,"N.D.Martyrs"
"458282330893796","الدفاع الوطني - مركز دمشق .الصفحة الرسمية",2014-05-07T16:02:45Z,"National.Defense.Dm"
"377118532417380","لواء درع الثورة",2014-05-07T16:02:44Z,"377118532417380"
"496164027143100","صوت المعتقلين Detainees' voice",2014-05-07T14:03:29Z,"detaineesvoice"
"164023030458306","الدفاع الوطني في السقيلبية",2014-05-07T16:01:09Z,"National.Defense.in.sqelpyah"
"641563032526099","Shahba Press Agency",2014-05-07T14:02:43Z,"SHahba.EN"
"697679590261319","وكالة شهبا برس الاخبارية",2014-05-07T14:04:03Z,"SHahba.Agency"
"199077356806843","See more",2014-05-07T14:10:11Z,"seewaymore"
"434107746644596","الصفحة الكبرى للدفاع الوطني National Defense",2014-05-07T14:11:42Z,"National.Defence.Forces.NDF"
"261379967210709","Cryptocat",2014-05-07T14:03:08Z,"cryptocatapp"
"582002985188971","شبكة أخبار مدينة درعا _ درعا سيتي",2014-05-07T16:01:24Z,"DaraaCity3"
"574501469289064","Daraa Media Office",2014-05-07T16:01:14Z,"Maktab.daraa.sy"
"22476490672","Daft Punk",2014-05-07T14:11:50Z,"daftpunk"
"437909279598599","حماة تناديكم",2014-05-07T16:00:17Z,"Hama.tnadakm"
"370772236322342","مؤسسة جفرا | Jafra Foundation",2014-05-07T16:02:15Z,"Jafra.Foundation"
"369709889840364","صَفْحَةُ الـدُّررِ الشّامـيّةُ II",2014-05-07T16:02:11Z,"eldorarlashamyh"
"617975041589347","المركز الاعلامي لمدينة داريا -Media Center Of Darayya City",2014-05-07T14:02:46Z,"D.M.C.Daryya"
"125070597569125","الناطق الرسمي باسم ثورة الفرات في سورية",2014-05-07T14:11:47Z,"alfurat2freedom"
"321767754558226","الـمكـتب الإعـلامـي فـي الـحولـة",2014-05-07T14:13:14Z,"Houla.Media.Office"
"357800080985252","تنسيقية جسرالشغور",2014-05-07T14:12:45Z,"jsr.news1"
"230543193793318","المكتب الإعلامي الموحد لمدينة إنخل",2014-05-07T14:12:00Z,"UMO.Enkhel1"
"372587166209008","تنسيقية مدينة يبرود",2014-05-07T14:12:34Z,"Yabroud.Revolution5"
"206886752657388","موقع كوباني كرد / Kobanî Kurd",2014-05-07T14:12:10Z,"ajansademyaragihandine"
"100004764423250","جلال أبو سليمان",2014-05-07T12:13:49Z,"jalal.slmn"
"677282162321919","المكتب الإعلامي لبلدة النعيمة",2014-05-07T14:03:45Z,"aln3ema.p.o"
"571192129627731","ألوية وكتائب الصحابة في دمشق وريفها",2014-05-07T14:04:29Z,"alweat.kataebalsahaba"
"259691280826332","المركز الإعلامي في الرستن",2014-05-07T14:12:58Z,"mediacenter.arrastan"
"349059891842066","Syrian Arab Army",2014-05-07T14:13:49Z,"syrianmilitary"
"375282272549433","المكتب الاعلامي في مدينة نوى",2014-05-07T16:01:01Z,"mediaoffice.nawa"
"418875378166459","Use it ولك",2014-05-07T16:02:26Z,"wlakuseit"
"209332405757062","The Syrian Revolution | الثورة السورية",2014-05-07T16:00:20Z,"SyrianRevolution2"
"523004674462541","ЄвроМайдан – EuroMaydan",2014-05-07T14:06:37Z,"EuroMaydan"
"245764402264908","لجنة الدعم الإعلامي للثورة العراقية/ الصفحة الرسمية",2014-05-07T16:02:21Z,"msciq"
"420796315726","The Syrian Revolution 2011 الثورة السورية ضد بشار الاسد",2014-05-07T14:07:31Z,"Syrian.Revolution"
"453010751476017","The Arab Chronicle يوميات الربيع العربي, by - par Cédric Labrousse",2014-05-07T14:11:49Z,"the.arab.chronicle"
"500341836723427","أحرار و حرائر كلية الصيدلة جامعة حلب",2014-05-07T14:02:56Z,"500341836723427"
"584129914","Silvio Cesare",2014-05-07T14:13:57Z,"silvio.cesare"
"165780076805908","S.N.N | شبكة شام",2014-05-07T14:14:10Z,"ShaamNews"
"526176844","Tim Noise",2014-05-07T16:00:23Z,"init.d"
"169530483094497","محمد كريشان",2014-05-07T14:14:03Z,"169530483094497"
"537011102992127","Kafranbel Syrian Revolution",2014-05-07T14:04:34Z,"kafrev"
"252281151467804","La Revolution Syrienne en Français",2014-05-05T13:53:24Z,"La.Revolution.Syrienne.en.Francais"
"264911003657318","Euromaidan in English",2014-05-07T16:01:46Z,"EnglishMaidan"
"250521655037317","Syrian Network for Human Rights الشبكة السورية لحقوق الإنسان",2014-05-07T16:02:05Z,"sn4hr.eng"
"217848338242310","لجان التنسيق المحلية في سوريا",2014-05-07T14:11:45Z,"LCCSy"
"283836371657212","وديع طعمة",2014-05-07T14:03:18Z,"wadehtohmeh"
"378067915609677","الائتلاف الوطني لقوى الثورة والمعارضة السورية",2014-05-07T16:01:02Z,"SyrianNationalCoalition"
"485834531461495","Syrian Economic Forum المنتدى الاقتصادي السوري",2014-05-07T14:02:57Z,"SyrianEconomicForum"
"705313576159791","Like for Syria - لايك لأجل سوريا",2014-05-07T14:03:23Z,"like4syria"
"269785403126479","بصمة سورية",2014-05-07T14:11:18Z,"basma4syria"
"794879937205201","تنسيقية حي برزة - الثورة السورية في مدينة دمشق.",2014-05-07T14:02:53Z,"Barzeh.rev"
"100004309653523","Nuri Homs",2014-05-07T16:02:24Z,"nuri.homs.5"
"499726943373552","Damas Sweets",2014-05-07T14:02:44Z,"damassweets"
"154452061274763","Sham fm شام اف ام",2014-05-07T14:10:55Z,"radioshamfm"
"179812892206423","الوية الفرقان_الصفحة الرسمية",2014-05-07T16:01:55Z,"alWYAt.alfurqaan"
"100002436866034","Eveen Sukar",2014-05-07T14:03:24Z,"eveen.sukar"
"143531715812690","نكتجية لبنانية",2014-05-07T14:12:46Z,"Nekatjiyi.lebneniyi"
"328973413908198","المركز الإعلامي في القلمون- Qalamon Media Center",2014-05-07T14:10:36Z,"Qalamon1"
"100000371714167","Musef Hilfawi",2014-05-07T16:02:13Z,"musefh"
"100000495005216","Mohammad Rasho",2014-05-07T16:02:02Z,"mehmatReso"
"100002371725710","ابو علي جهاد بركات",2014-05-07T14:11:33Z,"entesar.alassad"
"239984009513039","هيئة دروع الثورة",2014-05-07T14:05:30Z,"rsc.syria"
"100003107584019","Ghassan Abdulfatah",2014-05-07T16:01:29Z,"ghassan.abdulfatah"
"100002298138230","الصفر السوري",2014-05-07T16:02:23Z,"SyrianZer0"
"242799595892410","ﺗﻨﺴﻴﻘﻴﺔ ﻣﺤﺎﻓﻅﺔ ﺍﻟﺴﻭﻳﺪﺍﺀ",2014-05-07T14:12:04Z,"sweida.llc"
"165314130230311","أخبار شباب سورية",2014-05-07T14:03:00Z,"SyriaYouthNews"
"600564226663361","لواء توحيد الشام",2014-05-07T14:11:22Z,"lewaatawhedalsham"
"436337196452071","National Coalition Of Syrian Revolution and Opposition Forces",2014-05-07T14:12:29Z,"SyrianNationalCoalition.en"
"133293440189295","Syrian Embassy in Qatar",2014-05-07T16:02:35Z,"133293440189295"
"1430692483827740","حمص الحدث Homs Event",2014-05-07T16:02:17Z,"HomsEvent1"
"498600166875919","المنبر / Alminbar",2014-05-07T14:09:53Z,"Alminbaar"
"762514660443131","عصائب اهل المصائب ملفات فاسدة عن هذة التنظيم الامريكي اليهودي",2014-05-07T14:12:49Z,"762514660443131"
"199844040180498","تعرف حالك رقاوي لما",2014-05-07T14:11:17Z,"raqqawe2"
"100002001740981","أبو علي الشامي",2014-05-07T16:00:47Z,"aboalialshamy"
"179854965483856","اربد - Irbid",2014-05-07T14:05:10Z,"irbid1"
"603408446342557","تنسيقية مدينة دوما - لجان التنسيق المحلية",2014-05-07T14:11:14Z,"Douma.Revolution.lcc"
"215370951827725","سما الشام",2014-05-07T14:04:28Z,"Saama.Al.Sham"
"135492153291427","اخبار الثورة في بانياس",2014-05-07T14:04:08Z,"Syrian.SANA.Banias"
"164596543732284","تنسيقية الثورة السورية في حي كفرسوسة بدمشق",2014-05-07T14:03:29Z,"Kafarsousah.Revolution3"
"236004376478750","Ayn Al Tineh شبكة عين التينة",2014-05-07T16:02:39Z,"236004376478750"
"1447198438829214","تنسيقية مصياف/صفحة بديلة",2014-05-07T14:04:33Z,"Masyaf.Coordinating2"
"147830055265785","Elettronica, computer vision e ai",2014-05-07T16:02:30Z,"flaviobernardotti"
"277398655701725","המוסד למודיעין ולתפקידים מיוחדים (Mossad)",2014-05-07T14:13:54Z,"IsraeliMossadNews"
"1068038862","Ali Damas",2014-05-07T14:04:12Z,"mas166"
"616478328390912","Methods of intelligence open source",2014-05-07T14:03:03Z,"616478328390912"
"1409472375948127","الدكتور إياد قنيبى الصفحة الرسمية",2014-05-07T16:01:32Z,"eyadqunaibi"
"252230878178319","جايــــــــــــــيـــــــــــــــــــنــــــــــــــــــــــــك",2014-05-07T14:13:27Z,"jaeenk"
"208801355858052","Mafi Metlo",2014-05-07T14:03:08Z,"MafiMetloProgram"
"256545651058366","ثوار درعا المحطة - طريق السد",2014-05-07T14:09:04Z,"almahatadaraasaad"
"1428940883988816","نهفات داعشية xd",2014-05-07T14:11:48Z,"1428940883988816"
"151271931596606","الدكتور فيصل القاسم",2014-05-07T14:03:26Z,"falkasim"
"431786250194574","درعا أم اليتامى / صور",2014-05-07T14:03:14Z,"Daraa.UmAlytama.photo"
"634854053229636","تنسيقية درعا المحطة - الثورة السورية في درعا",2014-05-07T14:11:35Z,"DaraaAlmahataCordination"
"161099980703221","Bajarê Qamişlo - مدينة قامشلو",2014-05-07T16:02:38Z,"QamishloPage"
"206967226093576","الثورة الصينية ضد طاغية الصين the Chinese revolution",2014-05-07T16:00:31Z,"comedy.and.comedy2"
"508266855915510","مدينة إنخل inkhel city",2014-05-07T14:11:52Z,"daraa.inhkel.city"
"106660816204249","روائع الأدب و الفن الملتزم",2014-05-07T14:11:10Z,"a4animoltazma"
"157260631004823","كلنا شركاء في الوطن - All4SYRIA",2014-05-07T14:00:59Z,"All4SYRIA.info"
"100003656643001","Abo Abode",2014-05-07T14:11:27Z,"abo.abode.16"
"475987315810466","مخيم اليرموك نيوز",2014-05-07T16:02:36Z,"yarmok.news"
"100004561963309","Samar Sham",2014-05-07T14:11:32Z,"salam.sham.96"
"100003040338391","Mansour Al-Omari",2014-05-07T14:04:48Z,"mans.omary.5"
"175395895841839","We All Horan Martyrs",2014-05-07T14:10:42Z,"We.All.Horan.Martyrs"
"100002038572675","Khaled Zughayyar",2014-05-07T14:04:22Z,"khaled.ezzughayyar"
"100000654630148","Molham Homs",2014-05-07T14:04:34Z,"nicolai.cage"
"800585496625124","بطاقة شهيد Martyr card",2014-05-07T14:12:47Z,"Martyr.card"
"227350007386357","يوميات الثائر المتفائل",2014-05-07T14:05:24Z,"Optimistic.revolutionary"
"167620983308199","شرفاء محافظة الحسكة",2014-05-07T14:12:23Z,"HONESTHASAKAPROVINCE"
"431202950339869","المجلس المحلي لمدينة داريا-Local Council of Daraya City",2014-05-07T14:06:04Z,"daraya.lc"
"212454985551205","عدسة شاب تافه | Lens young Silly",2014-05-07T14:05:24Z,"lensYoungsillysyr"
"478963685467285","كاميرات لأجل سوريا | Cam4Syria",2014-05-07T14:04:43Z,"Cam4Syria"
"1459469850941538","تنسيقية الثورة السورية في حي المهاجرين- دمشق",2014-05-07T16:02:05Z,"Muhajereen.coordinating"
"602807036459578","موقع الحل السوري",2014-05-07T14:12:15Z,"7al.me"
"157325417752389","المبادرة الوطنية لأحرار الداخل في سوريا",2014-05-07T16:02:29Z,"AlmbadratAlwtnyaLahrarAldakhilFySwrya"
"145605272242389","اتحاد  تنسيقيات الثوره",2014-05-07T14:04:45Z,"AthadTnsyqyatAlthwrh"
"366339976728847","تنسيقية عقربا _ الثورة السورية في ريف دمشق",2014-05-07T14:10:48Z,"Coordinating.Aqraba"
"247970625336306","عدسة شاب نخيلي",2014-05-07T14:04:38Z,"inn.lens"
"275340442510974","شهداء الثورة السورية Syrian martyrs of the revolution",2014-05-07T14:12:19Z,"syrian.martyrs.revolution"
"231586016874625","شهداء الثورة السورية منذ بداية الثورة",2014-05-07T14:12:14Z,"Freeabazeed"
"175739265897278","شبكة الاوتار الاخبارية لأخبار الثورة السورية",2014-05-07T14:10:38Z,"alawtarnews"
"182534288549792","Syria Event",2014-05-07T14:10:20Z,"Syria.Event.1"
"289130404554256","صرخة معتقل بانياسي",2014-05-07T14:04:48Z,"baniase.voice"
"132140800303029","شهداء حي كرم الزيتون بحمص",2014-05-07T14:11:38Z,"Martyrs.Karmalzeton"
"687451317938405","المكتب الطبي في مدينة إنخل",2014-05-07T14:10:33Z,"Medical.Corps.Enkhel"
"512019025526900","كلنا الشهيد البطل بلال الفروان",2014-05-07T14:05:23Z,"belal.alfarwan1inkhel2daraa"
"258610770833474","تنسيقية الحسكة الموحدة",2014-05-07T14:04:47Z,"uni.hassake.rev"
"238496152965433","خربطنا نبلش :$",2014-05-07T14:04:38Z,"5rbtna.nbl4"
"216013721785128","Syria Alshaab Channel فضائية سوريا الشعب",2014-05-07T14:11:46Z,"alshaab.sy"
"215382651806380","S.N.N | شبكة شام الإخبارية",2014-05-07T14:05:49Z,"shaamsnn"
"208739389292262","منبر إدلب الإعلامي  Edlib Media Tribune",2014-05-07T14:13:43Z,"edlib.m.t"
"245325925477570","شبكة أخبار إدلب E.N.N",2014-05-07T14:08:06Z,"Edlib.News.Network"
"383332271737614","تصاميم و صور شهداء داريا",2014-05-07T14:05:44Z,"383332271737614"
"454550991252422","كلنا الشهيدة الطفلة ريماس ثائر القطيفان",2014-05-07T14:04:59Z,"remasalqtephan"
"517981588280105","كلنا الشهيد البطل علاء الفروان",2014-05-07T16:02:24Z,"517981588280105"
"170467749783322","كـتـيـبـة مـجـاهـدي حـوران",2014-05-07T16:01:43Z,"Ktybt.MjahdyHwran"
"561131756","Ousama Bakir",2014-05-07T16:00:22Z,"ousama.bakir"
"611359342234069","لواء المقداد بن عمرو",2014-05-07T14:05:03Z,"AlMiqdad.Brigade4"
"203016749740000","كبريت",2014-05-07T14:07:53Z,"kebreet"
"243475875706713","Syrian Freedom",2014-05-07T16:00:29Z,"SyrianFreedom2012"
"241700059198885","Homs Free Congregation (English)",2014-05-07T14:03:50Z,"Homs.Free.Congregation.En"
"417260205030684","لطالبي اللجوء والهجرة الى كندا وبريطانيا سوريين حصراً",2014-05-07T14:13:22Z,"417260205030684"
"100002126405112","Ameen Alshawaf",2014-05-07T14:04:17Z,"ameen.alshawaf.3"
"303229416478115","أخبار قرية بغديك",2014-05-07T14:04:43Z,"ancamagondibeghdiki"
"103523706349864","احلام مستغانمى",2014-05-07T14:02:41Z,"Ahlam.Mostghanemi"
"155718381214948","Havoc Arts | فنون من قلب الفوضى",2014-05-07T14:13:39Z,"abo.jacoub"
"100004980551494","Moustafa Jacoub",2014-05-07T14:06:42Z,"moustafa.jacoub"
"100001075322217","Janis Mucenieks",2014-05-07T14:13:03Z,"test23"
"191517034267082","الفريق الإعلامي الموحد لمحافظة إدلب",2014-05-07T14:04:28Z,"MediaTeamOfEdlib"
"626530322","Frederic Jacobs",2014-05-07T14:04:37Z,"frederic.jacobs"
"40796308305","Coca-Cola",2014-05-07T14:03:57Z,"coke"
"20531316728","Facebook",2014-05-07T14:10:34Z,"facebook"
"611450205547787","StreetHub",2014-05-07T14:12:55Z,"streethubuk"
"142435372632362","عدسة شاب حموي . Lens Young Hamwi",2014-05-07T14:13:09Z,"LensYoungHamwi2"
"358731857514439","مجزرة الحولة | al hula massacre",2014-05-07T14:10:58Z,"alhula.massacre"
"315338358578939","المكتب الإعلامي في منطقة خان شيخون",2014-05-07T14:08:07Z,"KhanShykhwn"
"394564587269586","صهيب العلي جبهة حمص",2014-05-07T14:10:34Z,"homs.Suhaib.alAli"
"254110901322450","حمص - تنسيقية ثوار كفرعايا  KafrAya",2014-05-07T14:07:43Z,"Kafraya"
"391568857596181","كـــتــــيــــبــــة ســـيـــف الإســــلام",2014-05-07T14:07:33Z,"Saif.al.Islam.battalion"
"330319770368774","المكتب الإعلامي لمحافظة درعا",2014-05-07T14:09:09Z,"Maktab.Daraa"
"198082360353131","تنسيقية الغارية الشرقية الأولى",2014-05-07T14:08:08Z,"Frist.Algarih2"
"544341968982922","شبكة أحرار صيدا",2014-05-07T16:02:10Z,"mohammad.mash.rev2"
"427221330716839","لواء أهل السنة",2014-05-07T14:08:08Z,"time.freedom5566"
"721293671233755","Namira",2014-05-07T14:03:54Z,"namirathecat"
"100000152886101","Mohamed A. Baset",2014-05-07T14:08:26Z,"symbiansymoh"
"515100971889888","تحرير سوري",2014-05-07T14:06:42Z,"515100971889888"
"626980010700376","اﻟﻘﻳﺎدة اﻟﻌسکرﻳﺔ اﻟﻣﻭحدة ﻓﻲ اﻟﻘﻠﻣﻮﻦ",2014-05-07T14:08:51Z,"yabrud1"
"394253097376092","مركز نور الإعلامي",2014-05-07T14:12:49Z,"Nour.Media.Center"
"781462661870982","Altal-City مدينة التل",2014-05-07T16:01:55Z,"city.altal1"
"205015846293605","عدسة شاب فلسطيني | Lens Young Palestinian",2014-05-07T14:07:49Z,"LensYoungPalestinian"
"137298203075578","سلفيّون سوريّون| Syrian Salafists",2014-05-07T14:08:23Z,"Syrian.Salafists"
"356927721116228","ﺗﻨﺴﻴﻘﻴﺔ ﺍﻟﺜﻮﺭﺓ ﻓﻲ \\ ﻋﺮﻃﻮﺯ \\ ﺃﺑﻨﺎﺀ ﺍﻟﺠﻮﻻﻥ ﻭﺃﻫﻞ ﺍﻟﺒﻠﺪ",2014-05-07T14:13:09Z,"artouz2445"
"354201187964273","أســــــود الشــــــيعة",2014-05-07T14:08:26Z,"Oosood888"
"100003492293123","أكاد الجبل",2014-05-07T14:06:36Z,"akkad.aljabal"
"567174473332120","Wissam Al Jazairy Artworks",2014-05-07T14:11:59Z,"WissamAlJazairy"
"255115057971486","تنسيقية الثورة السورية في منطقة المزة - دمشق",2014-05-07T16:00:54Z,"mazzeh.revolution3"
"216613791778006","ALramel ALganobi Camp",2014-05-07T14:09:09Z,"Mokhayam.Elramel.News"
"317575738387148","We Are All Hamza Al-Khateeb",2014-05-07T14:09:29Z,"hamzaIsus"
"573648226018478","حركة حزم - Hazzm Movement",2014-05-07T14:07:01Z,"hazzm.movement"
"250177851817640","AMC - مركز حلب الإعلامي",2014-05-07T14:03:58Z,"250177851817640"
"100551300055555","تنسيقية كفرومة جبل الزاوية ادلب الثورة السورية ضد بشار الاسد",2014-05-07T14:09:23Z,"100551300055555"
"227982050578178","محامو سورية من أجل الحرية  Syrian Lawyers for Freedom",2014-05-07T14:09:43Z,"S.L.Freedom"
"208412772593660","الصفحة الرسمية لبلدة كفر شمس - اخبار الثورة السورية",2014-05-07T14:08:13Z,"kafershames1"
"615857535140344","شبكة اخبار الرقة - R.N.N",2014-05-07T14:06:00Z,"Raq.Net.news1"
"8303030","Stacy Reeves Gulledge",2014-05-07T14:06:42Z,"stacyreeves"
"231139103603112","Anonymous Rio",2014-05-07T14:14:00Z,"anonymousrio"
"390385381066163","تنسيقية أزادي عفرين",2014-05-07T14:08:39Z,"hevreza.azadi.afrin"
"428700420525878","صفحة الشهيد خالد بكراوي",2014-05-07T14:06:53Z,"428700420525878"
"302004366584267","المكتب الإعلامي الموحد لحمص",2014-05-07T16:01:45Z,"UMO.HOMS"
"481850781877851","صور حمص من قلب الحدث",2014-05-05T05:36:32Z,"photos.homs.heart.of.event"
"100004455494506","الناشط جلال التلاوي",2014-05-07T14:05:07Z,"galal.altalawy.1"
"100007072904491","أبوجمال الحمصي جورة الشياح والقرابيص",2014-05-07T14:10:17Z,"abogmalalhomse10"
"132472286910243","المكتب الإعلامي للواء درع الجبل",2014-05-07T16:02:39Z,"mktb.der3"
"221209854677936","اللواء 313 مهام خاصة",2014-05-07T14:10:38Z,"lewaa.syria"
"169982786491702","معركة الجسد الواحد",2014-05-07T14:07:44Z,"Aljasad.Alwahed.Battle"
"443756542380934","المؤسسة الاعلامية في محافظة حماة",2014-05-07T14:12:29Z,"MediaFoundationHama"
"344014679066822","Alhaffahnews",2014-05-07T14:09:59Z,"alhaffanews"
"221823194623673","تنسيقية عقربا_الثورة السورية في ريف دمشق",2014-05-07T14:02:56Z,"aqrraba"
"423294084412525","كتيبة أحفاد ابن الوليد // القطاع الجنوبي الغربي",2014-05-07T14:02:55Z,"Battalion.Alwaled"
"192749137568965","خادم الجبهة",2014-05-07T14:11:29Z,"JbhtAnNusrah"
"135975486596723","المركز الاعلامي في مدينة جاسم",2014-05-07T16:02:22Z,"jasmcity"
"594709067261519","نسور سوريا",2014-05-07T14:09:26Z,"synsor"
"263284767155624","Dange Kurdistan _ صـوت كـوردســتان",2014-05-07T14:02:42Z,"Dange.Kurdistan"
"124333067614875","حزب آزادي الكردي في سوريا ( PAK )",2014-05-07T16:02:45Z,"Partiya.Azadi"
"155654544618821","كتيبة أنصار الحق",2014-05-07T14:13:03Z,"Ktayb.Ansar.Alhq"
"392377727498524","وكالة أنباء الثورة السورية S.R.N.A",2014-05-07T16:02:09Z,"S.R.N.A.Free"
"100003747486001","Wino Ayee Peeyakan",2014-05-07T12:13:04Z,"nerses.kilajyan"
"798632155","Karine Kazanjian",2014-05-07T14:03:17Z,"karine.kazanjian"
"100003326191183","Feras Alhorani",2014-05-07T14:06:32Z,"firas.alhorani"
"493241504093301","Syrian Revolution Talbisah الثورة السورية أخبار تلبيسة",2014-05-07T14:09:00Z,"Talbisah2O11"
"408182419246135","Syrian Revolution Talbisah News",2014-05-07T16:01:19Z,"Talbisah.News"
"1431578447073954","تجمع شباب مورك الأحرار",2014-05-07T14:06:14Z,"morek.revolution.2011"
"409884619106981","الثورة السورية في مدينة كفرزيتا 2011",2014-05-07T16:01:15Z,"kafrzita2011"
"147380725456091","تل رفعت  Tall Refaat  √",2014-05-07T14:12:45Z,"tall.refat"
"100001825680760","Hattem Ibrahim",2014-05-07T14:06:26Z,"Hattem.Sinena"
"1464163053809108","المجلس المحلي الثوري في مدينة الرستن",2014-05-07T14:02:57Z,"The.Revolutionary.Local.Councilinar.Rrastan"
"243217275815739","Klc.kafranbel المجلس المحلي - مدينة كفرنبل",2014-05-07T16:01:49Z,"243217275815739"
"725658014120153","جيش القادسية",2014-05-07T16:01:09Z,"Qadeseyya.Army"
"426148274155332","ﺗﻧﺳﻴﻗﻳﺓ ﻣﺪﻳﻨﺔ ﻛﻓﺮ ﺗﺧﺎﺭﻳﻡ",2014-05-07T14:12:29Z,"kafrtkhareem"
"228802357241998","إيبلا نيوز",2014-05-07T16:01:12Z,"azez.sarakp220"
"1450353318520856","هيئة حماية المدنيين - Syrgccp",2014-05-07T14:05:48Z,"syrgccp1"
"392091034258812","Electronic Resistance",2014-05-07T14:05:01Z,"electronicresistanceteam"
"482333495184575","Passioneers",2014-05-07T14:08:19Z,"Arabpassioneers"
"432209300235499","المركز الاعلامي الشيخ مسكين",2014-05-07T16:01:04Z,"m.horan.shekeMiskin"
"277633762344723","شبكة أنصار الحق الإخبارية A.H.N",2014-05-07T16:01:24Z,"Ansar.Alhaq.Deir.Ezzour"
"411384405607017","اتحاد تنسيقيات الثورة السورية  Syrian Revolution Coordinators Union",2014-05-07T14:03:13Z,"SYRCU"
"233265026846470","تنسيقية الثورة السورية في مدينة الأتارب و قراها - ريف حلب",2014-05-07T14:04:29Z,"alatareb1"
"733698646641236","لواء توحيد العاصمة",2014-05-07T14:05:08Z,"Unification.of.capital2"
"339092546230135","جمعية الاء الخيرية",2014-05-07T14:04:58Z,"Alaa.Association.charity"
"100003785732189","Mouaz Kh Alhasanee",2014-05-07T14:12:52Z,"mouazalkhatib.alhasani"
"454711507970857","مركز الرقة الإعلامي-rmc",2014-05-07T14:05:40Z,"r.m.c.alraaqqaa"
"418169988328964","جبهة الأصالة والتنمية - الصفحة الرسمية",2014-05-07T14:04:22Z,"alasalaaltanmia"
"177966505716710","لواء جعفر الصادق",2014-05-07T14:04:54Z,"Jaafar.alSadiq.brigade"
"246269328848377","ألوية أبابيل حوران",2014-05-07T14:12:38Z,"Ababil.brigades.Horan1"
"358110247634170","كتيبة شهداء عقربا-ألوية أبابيل حوران",2014-05-07T14:03:58Z,"Aqraba.Martyrs"
"172062486301575","هيئة إعلام ديرالزور Media Authority Of Deir Alzour",2014-05-07T16:01:24Z,"HyytAlamDyralzwrMediaAuthorityOfDeirAlzour"
"224795927647802","ألوية أحفاد الرسول في حلب",2014-05-07T14:04:18Z,"A7fadAlrasoul.Aleppo"
"609340327","Alison Benjamin",2014-05-07T14:04:02Z,"benjamin.more.165"
"230377845124","Ivo Josipović",2014-05-07T14:05:10Z,"ivojosipovicprh"
"113150848694958","Zoran Milanović",2014-05-07T12:12:41Z,"113150848694958"
"123192097729224","Vlada RH",2014-05-07T12:13:54Z,"Vlada.RH"
"336620687262","International Committee of the Red Cross",2014-05-07T16:01:40Z,"icrc"
"270304406466329","المجلس المحلي لمدينة زاكية في ريف دمشق",2014-05-07T14:02:54Z,"Majles.Zakia.2"
"428807957160253","تجمع أحرار دمشق وريفها",2014-05-07T16:01:20Z,"damascus.infos"
"210154445685282","الدعم التقني للثورة السورية - Syrian Revolution Tech Support",2014-05-07T16:01:11Z,"syr.rev.tech.support"
"176176075840701","مكتب الاستشارات الأمنية للثورة | Revolution Office for Security Counseling",2014-05-07T14:04:33Z,"ROSC.office"
"296149977168758","غراس النهضـة",2014-05-07T14:03:08Z,"ghiras.alnahda"
"489077234440157","إتحاد شبكات أخبار المخيمات الفلسطينية",2014-05-07T16:01:40Z,"syriancamps"
"494446483945999","المكتب الاعلامي الموحدفي الغوطة الشرقية منطقةالمرج",2014-05-07T14:03:04Z,"c.m.o.alghota"
"388264681187624","تنسيقية الثورة السورية في حي المالكي وما حوله 2012",2014-05-07T14:11:53Z,"malki2012.Revolution"
"152193938311809","Damascus Youth Union for Change اتحاد شباب دمشق للتغيير",2014-05-07T14:12:17Z,"DamascusUnionForChange"
"1428795107341972","تنسيقية  ركن الدين- الثورة السورية في دمشق",2014-05-07T16:02:10Z,"roknaldeenfree1"
"1382037898685250","مجلس قيادة الثورة في دمشق",2014-05-07T14:04:10Z,"R.L.C.Damascuss"
"404944432957125","مكتب دمشق الإعلامي - Damascus Media Office",2014-05-07T14:11:53Z,"Damascus.media.office"
"611306078932956","مكتب المجالس المحلية ريف دمشق - القطاع الجنوبي",2014-05-07T14:11:48Z,"Office.of.the.local.councils.south.of.Damascus"
"343172915751705","عدسة شاب دمشقي | Lens young Dimashqi",2014-05-07T16:00:56Z,"LensYoungdimashqi"
"100004465243146","Mohammed Rasoul",2014-05-07T14:06:46Z,"rasoul.sy"
"563391707012239","المكتب الاعلامي في بلدة تسيل",2014-05-07T16:02:36Z,"maktbtseel"
"572570786099329","حركة نور سوريا - الصفحة الجديدة",2014-05-07T14:13:57Z,"HrktNwrSwrya"
"469616616391155","مدرسة السلااح السوري",2014-05-07T16:02:35Z,"MdrstAlslaah"
"120998428061604","المركز الإعلامي في محافظة حماة "" Hama Media Center """,2014-05-07T16:02:04Z,"Hama.Media.Center"
"282934055136902","مركز الشوك لمساعدة العائلات السورية في لبنان",2014-05-07T16:00:59Z,"282934055136902"
"217292531645464","القسم الاعلامي لقصائد نخوة حموية",2014-05-07T16:00:54Z,"syriahamaa"
"131596696909733","F.N.N | شبكة فلاش سوريا",2014-05-07T16:01:31Z,"syria.news.F.N.N"
"219871188042840","S.G.N  | شبكة سوريا المجد",2014-05-07T14:04:32Z,"SyriaGloryN"
"209086569159303","مجلس ثوار محافظة حماة  Hama Rebels Council",2014-05-07T14:13:54Z,"Hama.Rebels.Council"
"9208539755","Demi Lovato",2014-05-07T16:01:22Z,"DemiLovato"
"470599159677235","Syria Direct سوريا على طول",2014-05-07T14:04:04Z,"syriadirectorg"
"304636862904002","Hazara Asylum Seekers",2014-05-07T14:12:24Z,"HazaraAsylumSeekers"
"100000394929121","Antti Intifada",2014-05-07T14:06:21Z,"antti.intifada"
"448127438635018","Sin Fronteras El Paso",2014-05-07T14:11:15Z,"sinfronteraselpaso"
"389125324463212","MOCK El Paso Times",2014-05-07T14:09:24Z,"389125324463212"
"481034422013230","Jamiyah Islamiya",2014-05-07T16:02:33Z,"jamiyah.islamiya"
"549761534","Metleg Lyapunov",2014-05-07T14:06:43Z,"Metleg.lyapunov"
"1383044201942627","المكتب الاعلامي لهيئة حماية المدنيين في حمص وريفها",2014-05-07T14:07:16Z,"syrgccp.homs2"
"630374836","Stelio Spadaro",2014-05-07T14:07:12Z,"steliospadaro"
"1013638883","Syrian Martyrs",2014-05-07T14:06:22Z,"freearmy2011"
"504238599","Adib Shishakly",2014-05-07T14:06:42Z,"shishakly"
"218656168208194","Adib Shishakly",2014-05-07T14:10:19Z,"Adib.AlShishakly"
"100001564696052","Ghali Khalifah",2014-05-07T14:06:42Z,"ghali.khalifah"
"1390967691158689","المكتب الإعلامي في حي جوبر بدمشق",2014-05-07T14:11:40Z,"jobarrev"
"700559166663317","Antalyaworkshop",2014-05-07T14:06:41Z,"700559166663317"
"601104739909322","Dsgndiver",2014-05-07T14:07:02Z,"dsgndiver"
"275287062514124","أخبار الريف",2014-05-07T14:07:59Z,"reefnews"
"1435584649994774","فيلق الرحمن - القيادة العامة",2014-05-07T14:09:34Z,"alrahman.corps"
"340099236070699","عدسة سام",2014-05-07T14:07:58Z,"samlenses"
"204254059595117","POUR UNE SYRIE LIBRE",2014-05-07T14:09:19Z,"SyrianRevolutionFrance"
"570691409650832","كتيبة شهداء مهين",2014-05-07T16:01:46Z,"570691409650832"
"544551612288487","أخبار مهين وضواحيها الرسمية",2014-05-07T14:06:16Z,"544551612288487"
"395197790582595","معربة الحدث Media Center",2014-05-07T14:07:09Z,"moarbah.al.hadath"
"100007931705022","Maria Jones",2014-05-07T14:06:21Z,"100007931705022"
"329320336203","Sex and the City",2014-05-07T16:01:07Z,"Sexandthecity"
"666717658","Kenneth Rasmusson",2014-05-07T14:05:54Z,"burningnome"
"100007280324568","Charles Windsor II",2014-05-07T14:12:52Z,"charles.windsorii"
"471550812924258","Preventing Genocide in Syria",2014-05-07T14:13:22Z,"Genocide-in-Syria"
"1399644386964883","Genocide in Syria",2014-05-07T14:12:53Z,"1399644386964883"
"100005278304926","Abu Adh-Dhahuuk Al-Qattal As-Suissery",2014-05-07T16:01:58Z,"abuadhdhahuuk.alqattalassuissery.7"
"100007381027382","Abou Suleyman Suissery Ghuraba",2014-05-07T14:12:51Z,"abousuleymansuissery.ghuraba"
"1450249875207386","Al-Ghuraba Media FR",2014-05-07T14:12:27Z,"alghurabamediafr"
"210076852344666","شاهد ما شفش حاجة بس شاف المر",2014-05-07T14:13:38Z,"syrian.witness"
"230098263779709","Syrian Rebel Watch",2014-05-07T16:00:14Z,"SyrianRebelWatch"
"571698702903750","إتحاد تنسيقيات القلمون QCU",2014-05-07T16:01:23Z,"Qalamon.Union.4"
"221571961195127","Syrian Regime Killers (help identify these murderers!)",2014-05-07T14:10:22Z,"221571961195127"
"265726053490158","Documents.sy | المركز السوري للتوثيق",2014-05-07T16:00:50Z,"documents.sy"
"410167602421603","تنسيقية سلمية salamieh coordination",2014-05-07T14:12:47Z,"FREE.SALAMEES1"
"171292119727379","اتحاد ثوار حماة : المكتب الإعلامي",2014-05-07T14:13:06Z,"hama.rebellions.union"
"599609203423405","تنسيقية الثورة السورية حمص - الوعر",2014-05-07T14:11:23Z,"Waar.Revolution.coordination2"
"218457351543281","شبكة البوليل الإخبارية",2014-05-07T16:02:21Z,"bolilpress"
"141881949298173","جـنـود الـعرين Soldiers Of Den",2014-05-07T14:04:24Z,"sof.r.15"
"298382103530912","Syria 24 English",2014-05-07T16:02:30Z,"syria24english"
"493574714096431","المكتب الإعلامي - الهيئة العامة للثورة السورية",2014-05-07T14:07:05Z,"srgcpress"
"149341565181241","Free Syria Grenoble",2014-05-07T14:03:13Z,"freesyriagrenoble"
"249088328438382","هيئة التنسيق الوطنية في سوريا",2014-05-07T16:02:23Z,"Syria.National.Coordinating"
"208245679202312","Operation Syria",2014-05-07T16:01:34Z,"opsyria"
"155492264516091","همبستگی با مردم سوریه-الایرانیون یدعمون الثوره السوریه الشعبیه",2014-05-07T14:13:49Z,"Iran.Syria"
"467568499932349","Syrian Arab News Agency SANA",2014-05-07T14:05:09Z,"SyrianArabNewsAgencySana"
"558391654203084","نكت وطرائف الثورة السورية الاسلامية",2014-05-07T14:11:45Z,"nokat.of.syrianRevolution2013"
"517447925019679","Army of Islam",2014-05-07T14:07:08Z,"Army.of.Islam"
"384461518251563","Buzz For Syrian Revolution",2014-05-07T14:03:20Z,"BuzzForSyrianRevolution"
"100681426711941","Hands OFF Syria",2014-05-07T14:04:39Z,"handsoffsyria"
"1378272419097995","We, the Revolutionaries of this Ummah",2014-05-07T14:04:09Z,"revolutionsbegin"
"345180182174204","قناة الميادين - Al Mayadeen Tv",2014-05-07T14:07:40Z,"almayadeen.tv"
"546954078683595","Syrian Perspective",2014-05-07T14:14:05Z,"SyrianPerspective2"
"269951423026909","De waarheid over Syrië/The truth about Syria - Mediawerkgroep Syrië (MWS)",2014-05-07T14:03:00Z,"MWSyria"
"694872423876817","ياقلمون نحن قادمون",2014-05-07T14:07:42Z,"694872423876817"
"291097727609163","الجيش العربي السوري يحميني",2014-05-07T16:02:17Z,"Syrian.Arab.Army.protect.me"
"622423914463572","DNN01 دمشق الاخبارية الاولى",2014-05-07T14:08:53Z,"dnno1"
"379650608830753","شهداء الوطن",2014-05-07T16:01:58Z,"shouhadaa.alwatan"
"258792887466850","نحن سوريا | We Are Syria",2014-05-07T14:12:29Z,"We.Are.Syria1"
"194120114023811","الحقيقة السورية | Syrian Truth",2014-05-07T16:01:14Z,"Syrian.Truth.sy"
"144930862280593","Occupy Syria",2014-05-07T14:04:28Z,"Occupy.syr"
"242800112433654","Syria سورية",2014-05-07T16:01:24Z,"242800112433654"
"322063591270687","جيش التحرير الفلسطيني الحر",2014-05-07T14:10:42Z,"322063591270687"
"274193632687921","HOMS.up-to-date.News",2014-05-07T16:00:24Z,"homsuptodate"
"172683116117004","British Syrians & Friends in Solidarity with the Syrian Revolution",2014-05-07T16:01:05Z,"BritishSyrianRevolution"
"678857422172165","Ismailshekhsalh",2014-05-07T14:13:39Z,"678857422172165"
"195722740501737","World Organization for the Defense of Human Rights",2014-05-07T16:01:56Z,"Syrian.Organization4Human.Rights.Defence"
"352961034797547","Syria Updater",2014-05-07T14:04:08Z,"SyriaUpdater"
"363889943696219","Radio Free Syria",2014-05-07T14:02:51Z,"RadioFreeSyria"
"199729783434493","الثورة السورية بلغات العالم Syrian Revolution in the languages of the world",2014-05-07T14:11:24Z,"LanguegesOfTheWorlds"
"434449356599521","Syrian Support Group",2014-05-07T14:13:33Z,"SyrianSupportGroupSSG"
"298697380186687","Welsh Solidarity for Syria",2014-05-07T14:10:48Z,"WelshSolidarityforSyria"
"458106567594666","هيئة الأركان العامة للقوى العسكرية والثورية السورية - FSA General Staff",2014-05-07T14:11:14Z,"FSAHQ"
"217039468315673","(المغتربون السوريون) Syrian Expatriates Organization",2014-05-07T14:08:08Z,"Syrian.Expatriates"
"110503795708306","Ugarit News - English",2014-05-07T14:05:28Z,"UgaritNews.English"
"191998374180308","Bashar Al-Assad",2014-05-07T14:12:29Z,"Bashar.Al.Assad.page"
"326136340807919","أموي مباشر - OmawiLive",2014-05-07T14:08:24Z,"OmawiLive24"
"252724514864976","Aleppo Media Centre - English",2014-05-07T14:13:39Z,"AMCenglish"
"213849965318722","شبكات أخبار سوريا المتحدة / F.S.N.N",2014-05-07T14:09:49Z,"page.F.S.N.N"
"300284443358160","Syria Scope Network",2014-05-07T14:05:29Z,"syriascope"
"709386345743316","Chemical Massacre in Syria - Massacre Chimique en Syrie",2014-05-07T14:05:18Z,"CWMassacre.Syria"
"170434289831973","شبيحة الفرقة الرابعة",2014-05-07T14:07:32Z,"Syrian.shabi7a"
"570207212990532","شبكة أخبار حلب والريف الشمالي والشرقي",2014-05-07T14:05:16Z,"2.Network.Aleppocountryside.89"
"193254350885590","ARNN",2014-05-07T14:10:49Z,"193254350885590"
"634894933238045","الغوطة الشرقية الآن",2014-05-07T14:08:49Z,"alghotaalsharqia"
"100004422758966","لواء التوحيد حلب",2014-05-07T14:03:12Z,"mohammad.shami.33"
"491343570941900","شبكة مراسلي ريف دمشق  - Damascus Countryside Reporters Network",2014-05-07T14:09:23Z,"dcrn.2"
"167698869953906","تنسيقية دمشق الكبرى",2014-05-07T14:03:26Z,"Damas.Biggest.Org"
"171123239603690","شبكة منقول الاخبارية | M.N.N",2014-05-07T14:13:30Z,"Syria4alasad"
"625693980807341","Day of Solidarity with Syria",2014-05-07T14:04:49Z,"solidaysyria"
"100004215254417","De Ware Religie",2014-05-07T12:03:10Z,"de.warereligie"
"421067584618644","زهيري نيوز - Z.N.S",2014-05-07T14:03:04Z,"ZuhairiNews"
"156113277793225","Сирийский народ за Башара Асада شباب سورية الأسد في اوكرانيا",2014-05-07T16:01:10Z,"Syria.uk"
"1424164831162875","شبكة الناطق الرسمي لثورة الفرات",2014-05-07T14:12:04Z,"alfurat22freedom"
"100003228271230","احمد جدعان الغنام",2014-05-07T14:10:42Z,"aboknam"
"175056825872243","Qamislo",2014-05-07T14:05:15Z,"Qamislo.News"
"136831616520018","الاتحاد الوطني الكوردستاني-pukmedia arabic",2014-05-07T14:13:09Z,"PuKmediaArabic"
"119696204867451","قناة سوريا اليوم - Syria channel today",2014-05-07T16:02:12Z,"Syria.channel.today"
"215211748606227","رجال الله",2014-05-07T14:13:33Z,"Rijal.Allah.2012"
"386843251356041","الصفحة الرسمية لأصحاب الجنسية الديرية",2014-05-07T16:00:48Z,"DeirEzzor.SYR"
"425265894158609","شبكة سورية الآن",2014-05-07T14:13:18Z,"ShbktSwrytAlan"
"312158925474700","souriabaladi.com",2014-05-07T14:03:33Z,"souriabaladi"
"566956210029954","SMART News Agency   -   وكالة سمارت للأنباء",2014-05-07T16:01:35Z,"SMARTNewsAgency"
"260678550763320","ثورة الشام انتصار الاسلام - البديلة",2014-05-07T14:05:04Z,"alshamrevo2"
"325437354245141","4)الحزب اليساري الكوردي - Pçk",2014-05-07T14:05:18Z,"rojavakurdistan"
"264953433602337","حزب الوحدة الديمقراطي الكردي في سوريا_ يكيتي_منظمة الدرباسية_",2014-05-07T14:04:10Z,"dildar136"
"254488777930036","Syrian Reporters _ مراسلون سوريون",2014-05-07T14:05:38Z,"syrian.reporters"
"297711530368131","أخبار تل أبيض Nûçeyîn Girê Sipî",2014-05-07T16:02:04Z,"GireSpi.news"
"726642938","Polat Can",2014-05-07T14:06:11Z,"polatcano"
"149110305187104","حزب الوحدة الديمقراطي الكردي في سوريا - يكيتي -",2014-05-07T14:04:00Z,"PYDKS"
"1489673817926161","KA News",2014-05-07T14:05:14Z,"A.K.A.kamishli.news"
"155470501312918","تنســــيـقـيـة شــباب راس العيــــــن وريفها",2014-05-07T14:04:36Z,"155470501312918"
"1460176050865205","شبكة اخبار راس العين وريفــــــــــــــها",2014-05-07T14:03:13Z,"1460176050865205"
"515272408","Kadar Sheikhmous",2014-05-07T16:01:29Z,"kadar.sheikhmous"
"473917376055942","انتهاكات داعش في سوريا ISIS ""daash"" violations in Syria",2014-05-07T16:01:45Z,"ISIS.violations.in.Syria"
"225693757605139","الجيش العربي السوري - الفيلق الأول",2014-05-07T14:12:12Z,"Syrian.Army.F1"
"511969895510105","سوريو الدم والهوية",2014-05-07T14:04:05Z,"511969895510105"
"104007492967515","THE ARRIVALS < WAKE UP PROJECT>",2014-05-07T14:04:02Z,"TAWUP"
"236960333144939","GRUP Pembela Tauhid #4",2014-05-07T16:02:48Z,"236960333144939"
"1428511244033264","Daulah Islamiyah Jihad Media II",2014-05-07T16:02:38Z,"daulahislamiyahjihadmedia2"
"117557471691102","شبكة عاجل المؤيدة",2014-05-07T14:05:52Z,"ajilinewsassd"
"379024202145596","المجلس الوطني الكوردي /السويد Encûmana Niştimanî Kurdî li Sûriyê/Swêd",2014-05-07T16:00:14Z,"379024202145596"
"200540753350250","منظمة سري كانييه للحزب الديمقراطي التقدمي الكردي في سوريا",2014-05-07T14:13:03Z,"pdpks.serekaniye"
"152182208249315","المجلس المحلي في سرى كانيه للمجلس الوطني الكردي في سوريا",2014-05-07T14:12:09Z,"ENCUMANA.SEREKANIYE"
"294780627252949","The Syrian Journalists Association (SJA) رابطة الصحفيين السوريين",2014-05-07T16:00:55Z,"SyrianJournalistsAssociation"
"548726368533058","Network news Rmelan",2014-05-07T14:11:57Z,"548726368533058"
"495168480591866","Syriac Military Council - MFS",2014-05-07T14:02:46Z,"495168480591866"
"125835467438877","Benjamin Hiller Photojournalist",2014-05-07T14:02:49Z,"bhillerphoto"
"665590330149524","We Want Khilafah, Say No To Democracy",2014-05-07T14:10:02Z,"665590330149524"
"211852725602498","Syrian Air Force",2014-05-07T16:01:39Z,"SyrianAirForce"
"532377104","Al-Ayham Saleh",2014-05-07T14:05:56Z,"alayham"
"176774035731073","مسيحيو سورية معا لاستضافة غبطة البطريرك مار بشارة الراعي في وطنه",2014-05-07T16:00:55Z,"Christians.of.Syria.alassad"
"607099322664676","المكتب الاعلامي في بلدة الجيزة / الصفحة البديلة",2014-05-07T14:12:33Z,"Media.officein.the.town.ofGiza"
"754732564555361","مجلس قيادة الثورة في محافظة درعا",2014-05-07T14:08:02Z,"syrlc2014"
"393560054121059","شـــبكة أخـــــــبار المــــتاعية",2014-05-07T16:01:05Z,"393560054121059"
"530274867054347","اتحاد تنسيقية شباب الثورة في مدينة نوى-حوران",2014-05-07T14:13:25Z,"NawaNews2011"
"247941645355602","Muhammad Islamic Movement supporters",2014-05-07T16:01:30Z,"aslam1"
"635517399822811","Shuhada Al-islam Brigade لواء شهداء الإسلام",2014-05-07T14:11:35Z,"Shuada.A.B"
"147959182051921","صُنّــــــــــاع المجــــــــد",2014-05-07T14:13:31Z,"Sona3Almajd"
"387988744554715","كتيبة البنيان المرصوص",2014-05-07T14:09:27Z,"387988744554715"
"515077118588511","كتيبة رجال الله في ريف اللاذقية",2014-05-07T14:09:58Z,"515077118588511"
"435872429879897","محبي مدينة عربين",2014-05-07T14:12:18Z,"435872429879897"
"538186979584283","تنسيقية الثورة السورية في الغوطة الشرقية",2014-05-07T14:10:25Z,"CoordinatingSyrianRevolutionintheeasternGota"
"1484816271742601","تنسيقية اللاذقية - Latakia Coordination",2014-05-07T14:05:39Z,"Latakia.Coordination"
"160281484046749","شباب حلب الأحرار",2014-05-07T14:04:15Z,"AleppoFreeYouth"
"254749327977523","شبكة أخبار الساحل السوري الحر جبلة بانياس اللاذقية طرطوس 2",2014-05-07T14:07:18Z,"254749327977523"
"130507357090914","اللاذقية حياتي",2014-05-07T14:05:20Z,"130507357090914"
"428159730618299","كتيبة فرسان العقيدة",2014-05-07T14:04:33Z,"forsanalakeda"
"480560948666408","تنسيقية اللادئية الحرة",2014-05-07T14:09:08Z,"480560948666408"
"495137657200324","Shaam Photograph",2014-05-07T14:08:33Z,"ShaamPhoto"
"659609047385586","Latakia L.N.N the news",2014-05-07T14:05:41Z,"Latakia.news1"
"164326153765823","تغريدات جهادية 2",2014-05-07T14:07:12Z,"aljhad.sbelna"
"526335897451910","كتيبة رجال عاهدوا الله فصدقوا",2014-05-07T14:07:17Z,"526335897451910"
"496344747106200","بطولات الجيش الحر لحظة بلحظة",2014-05-07T14:07:23Z,"496344747106200"
"197034687121853","كتيبة رجال عاهدوا الله فصدقوا",2014-05-07T14:02:47Z,"197034687121853"
"183733028342632","اتحاد تنسيقيات الثورة السورية   |  Syrian  Revolution Coordinators Union",2014-05-07T14:05:00Z,"monasiqoon"
"385815181479818","عدسة شاب لادقاني | Young Latakian's Lens",2014-05-07T14:04:20Z,"LensYoungLattakian"
"153123244885889","الحفة",2014-05-07T14:12:44Z,"alhaffehciyty"
"424898684275224","Love Syria and fancy Latakia",2014-05-07T14:08:04Z,"AlhbSwryaWAlhwyLadyany"
"645817728767735","عدسة شاب لادئاني",2014-05-07T16:02:43Z,"645817728767735"
"203620143055554","تنسيقية الثورة السورية في بلجيكا The Syrian Revolution in Belgium",2014-05-07T16:02:44Z,"The.Syrian.Revolution.In.Belgium1"
"303241746403870","تنسيقية الناشطين السوريين في العمل الأغاثي و العمل الأعلامي في ألمانيا",2014-05-07T16:02:38Z,"303241746403870"
"160893707347004","تنسيقية الثورة السورية طرطوس عرب الشاطئ",2014-05-07T14:06:47Z,"160893707347004"
"369949626434443","تنسيقية شباب الثورة السورية بالقاهرة",2014-05-07T14:04:20Z,"369949626434443"
"526603657411710","UK to Syria Convoy",2014-05-07T16:02:31Z,"UK2SYRIA"
"308495162520463","كلنا الطـــفـــل الـــبطـــل عــــمــــر",2014-05-07T14:02:45Z,"hero.omar.2008"
"208136919392781","Civilians Protection Commission - CPC",2014-05-07T14:02:58Z,"cpc.syr"
"100002243941514","غصن زيتون",2014-05-07T14:13:17Z,"Ibnqasiyoon"
"1421387071411760","سوريا أخبار الحدث",2014-05-07T16:01:20Z,"1421387071411760"
"586987611378832","وكالة القنيطرة الحدث",2014-05-07T14:10:43Z,"qal.hadaath"
"245330965487716","Pray for Syria",2014-05-07T16:02:19Z,"Pray.For.Syria.22"
"100002390319981","Mar Arben",2014-05-07T14:07:47Z,"marwan.habak"
"413946378717502","Brigade Saad bin Abi Waqas - Al Sahaba brigades",2014-05-07T14:13:44Z,"Brigade.sa3d"
"1388154058099001","الاتحاد الإسلامي لأجناد الشام",2014-05-07T16:02:40Z,"ajnad.sham"
"530745770269837","Free Syrian Activist, Zaidoun al-Zoabi",2014-05-07T16:01:20Z,"FreeSyrianActivistZaidounAlzoabi"
"163529613709257","Free the Political Prisoners of Syria الحرية للمعتقلين السياسيين في سورية",2014-05-07T16:00:54Z,"SyrianPoliticalPrisoners"
"260512627432392","Solidarity with Qusai Zakarya Hunger Strike Under Siege in Moadamiya, Syria",2014-05-07T14:11:04Z,"qusaihungerstrike"
"176928955794172","أحرار خلف القضبان Behind Bars But Free",2014-05-07T14:14:00Z,"BehindBarsButFree"
"208405362673225","بدنا المعتقلين بدنا ياهن بدنا الكل-We want the Detainees  we want them all",2014-05-07T14:07:58Z,"208405362673225"
"173479016041572","Stop the torture of the Syrian detainees أوقفوا تعذيب المعتقلين السوريين",2014-05-07T14:14:03Z,"173479016041572"
"291887404160834","مركز توثيق الانتهاكات في سوريا",2014-05-07T16:01:11Z,"vdcsy"
"266696513435886","الحريه للقاضي نايف فيصل الرفاعي",2014-05-07T14:13:04Z,"freenaifalrefai"
"477786425611253","الحرية للشاب عامر أبو شقره",2014-05-07T14:09:48Z,"477786425611253"
"317408955024078","الحرية للناشط ماهر طحان",2014-05-07T16:01:39Z,"FreeMaherTahhan"
"138204849654479","لست مجرد رقم| I'm Not Just Number",2014-05-07T14:11:29Z,"Syrian.Detainees.not.Numbers"
"220493644634204","Detainees And Missing In Syria المعتقلين والمفقودين في سورية",2014-05-07T14:11:14Z,"Syrian.Detainees.Missing"
"409886355823289","سوريا وطن لاسجن",2014-05-07T14:08:13Z,"409886355823289"
"1408868036023792","رابطة الدفاع عن حقوق المعتقلات",2014-05-07T14:09:18Z,"1408868036023792"
"569504413122589","الحرية للمعتقلة تغريد المحزم",2014-05-07T14:09:54Z,"taghridmuhazam"
"118087574936375","الثورة السورية فيديوهات   Syrian Revolution Videos",2014-05-07T14:11:19Z,"Syrian.R.V"
"1401012943452926","الثورة السورية - فريق الملتيميديا",2014-05-07T14:08:59Z,"syria.multimedia"
"138209109582347","Solidarietà al popolo Siriano",2014-05-07T14:12:45Z,"SolidarietaalpopoloSiriano"
"175737975813435","كلنا الشهيد الطفل حمزة علي الخطيب",2014-05-07T16:00:26Z,"hamza.alshaheed"
"400898183253721","مفقودين",2014-05-07T14:07:44Z,"missing.syria"
"369028656451865","موالي و معارض معا لوقف إطلاق النار الفوري من جميع الأطراف و تطبيق القانون",2014-05-07T14:10:35Z,"firstsyria"
"504118549640547","سوريا للجميع",2014-05-07T14:06:52Z,"siryaforall"
"400966686690777","حملة "" بكفي "" لوقف سفك الدم السوري",2014-05-07T14:07:37Z,"bekaffi.dam"
"204872392893093","Syria Events: The Untold Truth",2014-05-07T14:06:33Z,"Syria.Events.The.Untold.Truth"
"1405080273042314","على أجسادنا",2014-05-07T14:13:49Z,"on.our.dead.bodies"
"633690087","Chris Sharp",2014-05-07T16:01:28Z,"chris.sharp"
"100007898917306","Chris Sharp",2014-05-07T14:04:42Z,"chris.sharp.585112"
"100005371655181","Farah Masria",2014-05-07T14:06:12Z,"farah.masria"
"450486118382863","مطعم ومطبخ السوري",2014-05-07T14:06:37Z,"KitchenRestautant.Syrian"
"521859057932148","Eliminate Obesity",2014-05-07T14:05:13Z,"Eliminate.obesity"
"1460245507532481","TH3 Technews",2014-05-07T14:04:37Z,"th3technews1"
"247649808731568","شبكة اخبار عدرا - الثورة السورية في ريف دمشق adra news",2014-05-07T14:05:33Z,"adra.news1"
"200504346725242","شبكة الحسكة الإخبارية",2014-05-07T14:10:18Z,"hasskanetwork"
"475837722452937","اتحاد الطلبة الاحرار فرع الحسكة",2014-05-07T14:05:42Z,"U.F.S.S.Hasaka"
"169122569847858","لافتات كفرنبل المحتلة",2014-05-07T14:04:24Z,"kafrnbl"
"146667952077598","Syrian Media Center | المركز الإعلامي السوري",2014-05-07T14:04:18Z,"SyrianMC"
"187199484682289","شبكة فلاش سورية | F.N.N",2014-05-07T14:00:57Z,"fnn.sy"
"539363092752634","مشفى الأتارب atareb hospital",2014-05-07T14:03:03Z,"539363092752634"
"1438306916387595","شبكة عمليات الجيش الاسلامي السوري الحر",2014-05-07T14:11:32Z,"sy.islamic.free.army"
"227634300729749","لجان التنسيق المحلية - مدينة الأتارب وقراها",2014-05-07T14:04:34Z,"alatareblcc"
"480796472031445","شبكة رصد الجهاد الشامي",2014-05-07T14:12:38Z,"rasd.jehadAlshami"
"799218036775048","الجبهة الإسلامية - مشروع أمة",2014-05-07T16:00:17Z,"IslamicFront03"
"489792154367905","مدرسة الثورة لتعليم الرماية بالقناصات",2014-05-07T16:01:55Z,"jsr.sniper"
"135397423250151","Technology revolution تقنيات الثورة السورية",2014-05-07T14:11:53Z,"Technology.Syrian.Revolution"
"227861330686588","الصفحة العسكرية",2014-05-07T14:11:48Z,"aboyosef.fsa"
"422696344520369","قناة السوري الحر الفضائية البديلة 3",2014-05-07T14:04:15Z,"free.tv.army1"
"678636628846410","لواء الحق في الغوطة الغربية",2014-05-07T14:11:24Z,"Damascus.Syrian.lwa2alhak2"
"315327198587848","جريدة شام _ Sham Journal",2014-05-07T14:10:29Z,"shamJournal.net"
"196940527047515","سوريا الجديدة | New Syria",2014-05-07T14:12:33Z,"syriamars15"
"197965450246667","الائتلاف الاوروبي  لدعم ثورة سورية  European Comittee for Syrian revolution",2014-05-07T14:11:08Z,"EuropeanComitteeForSyrianRevolution"
"580701191966533","حركة أصحاب اليمين",2014-05-07T14:07:48Z,"As7ab.ALyamen"
"267723440019680","Association of academics and intellectuals Kurds",2014-05-07T14:13:43Z,"267723440019680"
"418811618174963","صفحة المستجدات الرقميه في سوريا   Syria Digital Reports",2014-05-07T14:08:39Z,"SalamaTech"
"182360818620511","Syrian Revolution Youth.شباب الثورة السورية 2011",2014-05-07T14:10:29Z,"Syrian.Revolution.Youth2011"
"100003528646967","Franco Bablo",2014-05-07T14:02:57Z,"franco.bablo"
"227938057381987","تنسيقية بلدة جسرين زهرة الغوطةالثورة السورية في ريف دمشق",2014-05-07T16:01:51Z,"Jsreen.revolution2"
"471075296255124","مخيم اليرموك بكرا أحلى",2014-05-07T14:09:15Z,"mokhayamalyarmouk"
"455828154516640","ﺗﻨﺴﻴﻘﻴﺔ ﺭﻧﻛﻮﺱ ﻟﻠﺜﻮﺭﺓ ﺍﻟﺴﻮﺭﯾﺔ",2014-05-07T14:13:40Z,"rankous.coordination6"
"225125814357740","جبهة الاصالة والتنميه",2014-05-07T14:12:48Z,"asalatanmia001"
"133882693382306","Taibet Al-Imam Media Office",2014-05-07T14:05:50Z,"T.I.MEDIA.OFFICE1"
"605143126176497","عدسة شاب مهاجر",2014-05-07T14:04:38Z,"LensYoungImmigrants"
"496676043778502","المكتب الإعلامي - مجلس قيادة الثورة في حماة Hama RCC Media Office",2014-05-07T14:05:34Z,"HamaRCCMediaOffice"
"343986195694743","ملتقى شباب طيبة الإمام الأحرار",2014-05-07T14:11:51Z,"m.m.i.t2012"
"266651420116153","عدسة شاب ميداني | Lens young Midani",2014-05-07T14:12:38Z,"LensYoungmidani"
"594213463975536","Taibet.Al-Imam Media Office",2014-05-07T14:05:20Z,"OfficeMedia.in.tibetAlemam"
"462716483768590","عدسة شاب مغترب | Lens of a young Expatriate",2014-05-07T14:04:53Z,"LensYoungExpatriate"
"219771508040801","عدسة شاب عواطلي | Lens young jobless",2014-05-07T14:11:58Z,"Lens.Young.Jobless"
"349961508419201","عدسة شاب مزاوي | Lens young Mazzawi",2014-05-07T16:01:49Z,"LensYoungMazzawi"
"130079760501569","Lens young haskawi عدسة شاب حسكاوي",2014-05-07T14:02:51Z,"lens.young.haskawi"
"216621115057136","لافـتـات أحـرار بـنــش",2014-05-07T14:12:14Z,"A7rar.Binnish"
"310942935694826","الميادين جرافيك almayadeen Graphic",2014-05-07T14:12:43Z,"310942935694826"
"373103909439518","Lens reunite us عدسة بتجمعنا",2014-05-07T14:11:03Z,"Lens.reunite.us"
"275225759262129","عدسة شاب مضحك | Lens funny man",2014-05-07T14:03:08Z,"lensfunnyman"
"473944765951831","عدسة شاب ديراني|Lens young Dirani",2014-05-07T14:11:53Z,"Lens.young.dirani"
"420911707943761","عدسة شاب حمصي | Lens Young Homsi",2014-05-07T14:03:20Z,"LensYoungHomsi"
"427688133985392","كتيبة الاصالة - دمشق وريفها",2014-05-07T14:13:28Z,"AlasalaWatanmia"
"1413383678911933","لواء الزبير بن العوام",2014-05-07T14:07:33Z,"alzuberabnalawam"
"249129611924728","رنكوس الآن Rankous",2014-05-07T16:00:14Z,"249129611924728"
"178007888997563","Infosyrie",2014-05-07T14:13:13Z,"infosyrie.fr"
"100004028151826","Devadas Rajaram",2014-05-07T14:06:22Z,"devadas.rajaram"
"100000480762212","Durga M Sengupta",2014-05-07T14:06:57Z,"durga.m.sengupta"
"212930022186217","ثقافة عسكرية",2014-05-07T14:14:02Z,"takafa3askareya"
"1449218021979785","قوات الصاعقة السورية",2014-05-07T14:10:27Z,"SYR.C.F"
"592429850795572","ورشة جُنُـودُ الْإعلاَم لِنُصْرَةِ الْإِسْـلام",2014-05-07T14:10:32Z,"592429850795572"
"601314206563400","مركز التآخي Biratî للديمقراطية والمجتمع المدني",2014-05-07T14:12:24Z,"fraternity.center"
"100004185157821","عامر القلموني",2014-05-07T14:02:47Z,"alkalamon.live.5"
"223912571146947","القيادة العسكرية الموحدة في القلمون",2014-05-07T14:10:22Z,"qalamoon.untited2"
"226819707489581","جبهة ثوار سوريا",2014-05-04T09:34:20Z,"Syria.Revolutionaries.Front"
"100006337565390","الناشط أبو يوشع الحمصي",2014-05-07T14:06:56Z,"aboyosha3alhomsei"
"144974072323864","المكتب الإغاثي الموحد في الغوطة الشرقية - منطقة المرج",2014-05-07T14:13:33Z,"URO.almarg"
"612413235437849","شبكة إغاثة سوريا",2014-05-07T14:12:55Z,"Syriareliefnetwork"
"237440909765685","المكتب الإغاثي لريف دمشق الجنوبي المحاصر",2014-05-07T14:11:03Z,"OfficeofrelieftothebesiegedsouthernDamascus"
"179986915536704","اتحاد اعلامي مدينة درعا - Daraa Media Union",2014-05-07T16:01:40Z,"DaraMediaUnion"
"489359484515819","كتيبة جند الشام - لواء الحسين",2014-05-07T14:13:28Z,"489359484515819"
"348311915281881","المكتب الإغاثي الموحد في الغوطة الشرقية",2014-05-07T14:12:34Z,"CRO.ALGHOTA"
"238633896268853","المكتب الاغاثي - حران العواميد",2014-05-07T14:05:23Z,"helpharan"
"190138247774370","درعا المحطة | ثوار المطار",2014-05-07T14:12:51Z,"Daraa.Almatar"
"616403875055200","عدسة ابن البلد -  lens Ibn Al balad",2014-05-07T16:01:00Z,"lens.ibn.alballad"
"340312692704708","اللجان المحلية في مدينة درعا",2014-05-07T14:12:09Z,"LOCAL.COMMITTEES.SHIELD.18.MARCH"
"131317953745013","ملتيميديا الثورة",2014-05-07T14:13:31Z,"RvolutionMultimedia1"
"316562498462998","صور من سقبا - غوطة دمشق",2014-05-07T16:01:00Z,"saqba.photography"
"574736229263146","درعا ام اليتامى",2014-05-07T14:05:12Z,"DARAA.UMALYTAMA"
"447322488654080","مركز بصرى الشام الإعلامي",2014-05-07T14:05:42Z,"bosra.center"
"294038093965157","شبكة بيارق حوران الإخبارية B.N.N",2014-05-07T14:05:22Z,"BaiarqHoran"
"119541368218314","اتحاد الأطباء البيطريين الأحرار",2014-05-07T14:13:24Z,"free.vet.union"
"458482650868585","رسام حوران الثائر",2014-05-07T16:01:46Z,"rsamhoranalthaar"
"473355649353543","منتصر الحوراني",2014-05-07T14:05:26Z,"montasser.Dar3aa"
"322789737815473","ألبوم طفس Tafas Album",2014-05-07T14:05:39Z,"TafasAlbum"
"160510097342356","رابطة ابناء حوران",2014-05-07T14:13:04Z,"Horan.sons"
"100002595821268","Kinan Al-mahameed",2014-05-07T12:05:19Z,"kinan515"
"521168004667744","Martyr Hossam Ayash Documentation Center",2014-05-07T16:00:25Z,"Martyr.Hossam.Ayash.Documentation.Center"
"372387676176356","لـــــــــواء درع اللجــــــــــاة |الصفحةالبديلة",2014-05-07T14:04:57Z,"draallajah"
"236339873068543","الهيئة العامة للثورة السورية  Syrian Revolution General Commission",2014-05-07T14:05:18Z,"SyrianRevolutionGeneralCommission"
"336746423104989","الهيئة العامة للثورة السورية",2014-05-07T14:05:09Z,"336746423104989"
"431475840233003","كتيبة رايات الحق",2014-05-07T14:04:53Z,"RAIAATALHAK"
"294263207348001","عمر حوراني",2014-05-07T14:05:03Z,"mromarhorani"
"289938381064854","شبكة اخبار حوران",2014-05-07T14:05:13Z,"horaneahbar"
"253770504650793","اتحاد تنسيقيات حوران",2014-05-07T16:01:55Z,"horan.union"
"109098445839426","اتحاد تنسيقيات الثورة السورية",2014-05-07T14:05:42Z,"E.T.A.SAKR"
"709432059067163","قصص شهداء الثورة السورية - الصفحة البديلة",2014-05-07T14:04:49Z,"SyrianMartyrsStories2"
"461081997299959","كتيبة مدفعية سجيل",2014-05-07T14:05:44Z,"katebtmdfaaetsjeel"
"444227915684114","عـتـمـان فـي صـورة",2014-05-07T14:04:14Z,"444227915684114"
"467518650025544","عدسة شاب حوراني Lens Young Horany",2014-05-07T14:04:21Z,"Lens.Horany"
"419450421473380","درعا كام daraa cam",2014-05-07T14:05:34Z,"DaraaCam"
"404381712937458","Field hospital in Daraa city",2014-05-07T14:05:33Z,"F.H.C.DARAA"
"122897411145902","صور الثورة السورية | Syrian Revolution Photos",2014-05-07T14:05:55Z,"syrian.revolution.photos"
"158990184175388","الثورة السورية في اللاذقية Lattakia Revolution 2011",2014-05-07T14:04:47Z,"LattakiaRevo2011"
"265123140297733","حرس السواحل - الثورة السورية",2014-05-07T14:02:49Z,"free.syrian.coast.guards"
"225860104205060","تنسيقية اللاذقية - المكتب الإغاثي",2014-05-07T14:02:53Z,"lattakia.relief.office"
"111632495584341","Douma.Revolution",2014-05-07T14:05:51Z,"Douma.Revolution"
"139717382905379","أبو الفداء - الغوطة الشرقية",2014-05-07T14:12:58Z,"ABOALFEDAEASTGOUTA"
"156693271123428","تسجيلات الثورة السورية - تجمع أحرار حوران",2014-05-07T14:12:18Z,"Recordings.Of.Syrians.Revolution"
"138884322912286","مداخلات مدينة دمشق وريفها",2014-05-07T14:11:44Z,"Damas.Suburb.Interventions"
"209471019152210","تنسيقية الثورة السورية في عين ترما - ريف دمشق Tarma Coordinating",2014-05-07T14:12:04Z,"EinTamaCoordinating"
"136073339882306","كتيبة رجال محمد",2014-05-07T14:10:44Z,"136073339882306"
"461137740606056","المكتب الطبي الثوري في مدينة سقبا",2014-05-07T14:12:52Z,"Medical.Office.Of.Saqba.City"
"579079878784061","تنسيقية  مدينة سقبا -  صفحة المعتقلين و المفقودين",2014-05-07T16:00:29Z,"saqba.prisoners.Missing"
"234518906677577","الرستن تحت الدمار",2014-05-07T16:01:59Z,"LensYoungRastanawiAZ"
"601554876599086","Al Furusiyya",2014-05-07T14:09:11Z,"alfurusiyya"
"100000742179506","Abdalhakeem Taleb",2014-05-07T14:07:22Z,"abdalhakeem.taleb"
"727656549","Osama Horany",2014-05-07T14:06:56Z,"osama.hO"
"100004072383969","جاسم الحموي",2014-05-07T14:07:12Z,"jasemalhamwe"
"100004711148337","Wesam Alhor",2014-05-07T14:03:43Z,"wesam.alhor.92"
"100000741374629","Maryam Saleh",2014-05-07T14:07:32Z,"maryams92"
"100001407390781","Peter Addor",2014-05-07T14:06:47Z,"addor2"
"100000980578292","Max Freitag",2014-05-07T12:05:42Z,"max.freitag.311"
"100001861299060","Saeed Mohajer",2014-05-07T14:06:07Z,"saeed.mohajer"
"568021446622804","Syrian Revolutionaries Front",2014-05-07T14:04:14Z,"Syrian.Revolutionaries.Front"
"353338088016969","Halab Today TV قناة حلب اليوم",2014-05-07T14:03:40Z,"HalabTodayTV"
"114546408597224","Komplexitätsmanagement",2014-05-07T16:02:19Z,"114546408597224"
"190552254340410","TS-Management GmbH",2014-05-07T16:00:49Z,"tsmanagement"
"1389547307984569","فيلق الشام  Al-Sham Legion ll",2014-05-07T14:11:32Z,"AlSham.Legion"
"235047503348407","AL-Sham Legion",2014-05-07T16:01:05Z,"shamlegion.en"
"370346543087545","لواء مجاهدي الغوطة في دمشق وريفها",2014-05-07T16:02:15Z,"Brigade.fighters.Ghouta.2012"
"364224827031574","تنسيقية بلدة تسيل - خنساء حوران",2014-05-07T14:08:19Z,"tseel.daraa"
"1404439738","Nicholas Michael Teausant",2014-05-07T16:00:28Z,"nicholas.teausant"
"641609906","Arlettaz Mahdi Mathieu",2014-05-07T14:07:12Z,"arlettaz.mathieu"
"229086097104765","Mix News",2014-05-07T14:05:38Z,"MixNewsWorld"
"516844038428753","الوية العمري - القطاع الجنوبي",2014-05-07T14:13:02Z,"Omari.free.Army"
"1437655486447385","الساحل الأن",2014-05-07T16:02:11Z,"1437655486447385"
"100002584782488","Elhilo Rojo",2014-05-07T14:06:27Z,"elhilo.rojo.1"
"285579431591114","عدسة شاب حلبي - Lens Young Halabi",2014-05-07T14:05:28Z,"LensHalabi"
"569750386387875","Hadath Media Center - مركز الحدث الاعلامي",2014-05-07T16:02:44Z,"HadathMediaCenter"
"529144870490907","Five Percent Movement",2014-05-07T14:02:45Z,"fivepercentmovement"
"198270893635880","المركز الإعلامي الحلبي | A.M.C",2014-05-07T14:12:48Z,"Aleppo.Media.Center"
"709506605740922","AMC مركز حلب الإعلامي",2014-05-07T14:09:39Z,"aleppomediacenter4"
"192880714224756","شبكة ديرالزور الإخبارية D.P.N",2014-05-07T14:05:14Z,"DeirAlZorPN"
"350624881673458","عدسة شاب ديري | Lens of a Young Deri",2014-05-07T14:13:28Z,"LensofYoungDeri"
"112510348889620","Coordination of Doctors in Homs",2014-05-07T14:08:38Z,"CoordinationOfDoctorsInHoms"
"175386715842445","S.N.N | Shaam News Network",2014-05-07T14:13:08Z,"ShaamNewsNetwork"
"153280714781275","Baba Amro News",2014-05-07T14:03:13Z,"Baba.Amro.News"
"196389343755760","Deir Press Network | D.P.N",2014-05-07T14:13:28Z,"DeirPressNetworkEnglish"
"749329968427953","تنسيقية مدينة تادف -Coordination Tadef",2014-05-07T14:03:58Z,"Coordination.Tadef"
"668507916512750","لاجئ - Refugee",2014-05-07T14:09:02Z,"Refugee.Refugee1"
"241455129349716","صور تنسيقية مدينة دوما - الثورة السورية في ريف دمشق",2014-05-07T14:13:24Z,"Douma.Revolution.Photos.DamascusSuburbs.Syria2"
"707441785943990","تنسيقية الثورة السورية في منطقة الهامة",2014-05-07T14:08:43Z,"Syrian.Revolution.in.alhameh"
"254386821331293","الشَهيد البَطَل رافِع عبدالله",2014-05-07T14:05:17Z,"HalabNewsNetwork"
"222178914629497","المكتب الاعلامي للهيئة العامة للثورة السورية في حمص وريفها",2014-05-07T14:10:23Z,"Office.of.Homs"
"118026594940096","الثوره السوريه الكبرىThe Syrian Revolution 2011",2014-05-07T14:05:37Z,"rev.syr"
"1385020451731511","Razan Zaitouneh - رزان زيتونة",2014-05-07T14:03:28Z,"R.Zaitouneh"
"100003070546703","Samer Nour",2014-05-07T14:11:57Z,"samer.nour.96"
"100006122594016","Abdéél Berkané'h",2014-05-07T14:04:22Z,"ahmed.samwil.4"
"217455035052153","الصفحة الرسمية للمتحدث العسكري للقوات المسلحة",2014-05-07T14:04:20Z,"Egy.Army.Spox"
"100001902594616","Arisbel Gutierrez",2014-05-07T14:06:37Z,"arisbel.gutierrez"
"762055172","Mulham Al-Jundi",2014-05-07T14:05:52Z,"mulhamjundi"
"418678184914589","الهيئة الطبية في عرسال",2014-05-07T14:07:58Z,"Medical.Commission.in.Irsal"
"246416292103039","تنسيقية ساروجة والبحصة وما حولها",2014-05-07T14:06:07Z,"BahsaRev"
"258892337457896","تنسيقية الثورة السورية في سرمين | Sarmeen Revolution Coordinator",2014-05-07T14:10:00Z,"Sarmeen.Revolution.Coordinator"
"495942030479550","Electoral Commission SA",2014-05-07T16:01:34Z,"SAelections"
"599821320033980","المجلس المحلي لبلدة المليحة - Local Council of Al Mleha",2014-05-07T14:08:44Z,"majles.Mleha"
"141752349330547","عدسة شاب منتوف Lens Poor Young",2014-05-07T14:07:28Z,"Lens.Poor.Young"
"100006712868663","Khaled Al-Shaikh",2014-05-07T14:06:02Z,"1khaangelled"
"557682390945488","طبية حي جوبر الدمشقي",2014-05-07T14:06:12Z,"WWW.MN7777777BKON.FREE"
"476009109123191","شهداء حي جوبر الدمشقي",2014-05-07T14:13:14Z,"Damascus.Jobar.Martyrs"
"164261083774312","مفقودين وشهداء مجهولي الهوية في دمشق و ريفها",2014-05-07T14:06:28Z,"Missingandmartyrs111"
"142265199254624","مفقودين وشهداء مجهولي الهوية في سوريا",2014-05-07T14:06:18Z,"MissingAndMartyrs"
"199741643483056","الصفحة الكبرى للفرقة الرابعة 2",2014-05-07T14:11:15Z,"BsharQaydna"
"148809471982118","كلنا دكتور باباعمرو الحُر محمد المحمد",2014-05-07T14:08:34Z,"wearealldrmohamad"
"1379145318981410","شهداء مجزرة الكيماوي  21/8/2013",2014-05-07T14:06:28Z,"MartyrsGota"
"325991800757887","أخبار بلدة اليادودة",2014-05-07T14:06:19Z,"Yadoudeh.News"
"251852734976384","غرفة عمليات أهل الشام",2014-05-07T14:06:32Z,"AhlAlsham0"
"1418984611651874","شركة مكافحة حشرات بالمدينة المنورة -0535735075",2014-05-07T14:06:57Z,"mory0007"
"459753120777451","مؤسسه أمجاد النيل  لنقل الاثاث 0540213533 /0532637674",2014-05-07T14:05:47Z,"MwsshAlmdynhLnqlAlathath"
"568546253214220","مركز عقيربات وقراها الإعلامي",2014-05-07T14:06:38Z,"oqerbat"
"264628223706020","جيش المجاهدين",2014-05-07T16:01:58Z,"Themujahdenarmy1"
"188677754532985","شاهد من قلب الحدث",2014-05-07T14:05:53Z,"shahed.3ayan"
"100008114978786","جبهة آنصار الإسلام",2014-05-07T14:04:12Z,"jpht.ansar"
"508641405849183","لواء درع الاخلاص",2014-05-07T14:12:18Z,"lewa2.dr3.alakhlas"
"1435483846686635","لواء أحرار الجبل الوسطاني",2014-05-07T14:12:19Z,"ahraralgablalwstany"
"493155030789064","الفرقة 101 مشاة",2014-05-07T14:06:10Z,"101.st.Infantry"
"252237108187459","كتيبة صقور الغاب",2014-05-07T14:05:57Z,"soqor.elghab"
"122577014484176","الثورة السورية ضد النظام  حمص",2014-05-07T14:05:54Z,"tawasol.free2"
"249338391802276","الثورة لا تنتهي إلا بتحقيق أهدافها",2014-05-07T14:11:44Z,"RevDoesNotEnd"
"547280728652204","تنسيقية حفير الفوقا",2014-05-07T14:05:53Z,"Hafeer.Alfoka"
"539869259421759","لواء القادسية الإسلامي في البوكمال - الاحتياطية",2014-05-07T14:12:14Z,"lowaaalkadsea"
"645549358789710","حملة اعرفوهم - Figure them out Campaign",2014-05-07T14:10:19Z,"FigurethemOut.Campaign.Egypt"
"1391169627813970","Ahrar Alsham Aleppo",2014-05-07T14:05:48Z,"AhrarAlshamAleppo"
"592223857533171","Ghardaia HD2",2014-05-07T14:07:55Z,"Ghardaia.HD2"
"1481951765357670","الفرقة التاسعة_قوات خاصة",2014-05-07T16:01:45Z,"alfor8aalts3a"
"578008308913391","شبكة حلب نيوز H.N.N",2014-05-07T14:12:00Z,"HalabNewsNetwork.HNN.2"
"630427980367631","Wake Up Oumma",2014-05-07T14:11:40Z,"630427980367631"
"100008152393864","Jaffa Tzandinski",2014-05-07T14:11:23Z,"100008152393864"
"1377361455843798","محبين عبدالباسط ساروت",2014-05-07T14:11:38Z,"Abdel.Baset.Satoot"
"100003486749171","Mirosław Paciorek",2014-05-07T14:12:08Z,"miroslaw.paciorek"
"100002371363714","فادي ياسين اعلامي",2014-05-07T12:11:18Z,"fady.yasyn"
"534794463283818","الهبيط اليوم  Alhabet Today",2014-05-07T16:02:30Z,"Alhabet.Today"
"593027507413171","المرصد الموحد في ريف حماة الشمالي",2014-05-07T14:12:59Z,"Observatory.unified"
"181437295335706","كتيبة شهداء الصالحية",2014-05-07T14:11:29Z,"salheya.army"
"455166354566122","كتيبة المنصور",2014-05-07T14:12:55Z,"KtybtAlmnswr"
"780110825333504","الرقة تذبح بصمت Raqqa is Being Slaughtered Silently",2014-05-07T16:01:55Z,"Raqqa.Slaughtered"
"179226275597857","تنسيقية كرم الشامي - الصفحة البديلة",2014-05-07T14:11:30Z,"KarmAlshami.AlternativePage"
"758106321","Anwar Abbas",2014-05-07T14:12:47Z,"SyrianCanada"
"304283503007505","Awtan",2014-05-07T14:12:50Z,"304283503007505"
"693172040703011","Wêneyin ji Amûdê",2014-05-07T14:11:45Z,"WeneyinAmude"
"100002450237583","علي عبد المعطي",2014-05-07T14:11:13Z,"alimotti"
"625251247510620","اهل السنه سوريا يا نبض امتنا",2014-05-07T14:12:54Z,"625251247510620"
"152978354873171","جيش القادسية الثالثـة AL-Qadisiyah Army",2014-05-07T16:02:27Z,"ALQadisiyahArmy"
"100004151552127","محمد الحلبي",2014-05-07T14:11:22Z,"al7alabi"
"326901617451495","صفحـة ثـورة الطّلبة اا Talaba Revolution",2014-05-07T16:02:36Z,"T.Rev.Tn"
"405532032857621","تنسيقية ما وراء الخبر",2014-05-07T14:05:33Z,"405532032857621"
"269575839838810","كتاب الله وسنة رسوله",2014-05-07T16:01:19Z,"LnNrdyBghyrAlshrDstwra"
"168358236563878","وطني",2014-05-07T14:03:54Z,"watanisyria"
"228905593859889","اتحاد شباب الحسكة",2014-05-07T14:12:24Z,"228905593859889"
"625139430894760","ANA PRESS",2014-05-07T14:11:19Z,"ANAPRESS.EN"
"100002206150798","Pouria NM",2014-05-07T16:02:18Z,"pouria.nourmohammadi"
"100004561474041","دعبدالله الدرويش",2014-05-07T14:02:07Z,"drsaria.dar"
"590595310953031","كتيبة ابو اسعد النمر",2014-05-07T16:02:24Z,"abu.asaad.tiger"
"328136220547220","موطني",2014-05-07T14:03:44Z,"328136220547220"
"469497399737933","شبكة سبيل الإعلامية  S.M.N",2014-05-07T16:02:41Z,"sabielmedia"
"621248734577422","قناة الجزيرة الحورانية",2014-05-07T16:02:25Z,"aljzerahoran3"
"279316198887116","فريق الغـرايا الإعـلامي Al Ghraya Media Team",2014-05-07T14:04:45Z,"gmt4group"
"233485446776012","المكتب الاعلامي الموحد في ابطع",2014-05-07T14:05:55Z,"ebtaa123"
"602357263162479","تنسيقية الثورة السورية في البوكمال - الإحتياطية",2014-05-07T16:02:31Z,"abokamal.thora1"
"240476272808377","الصفحة الرسمية للناشط محمد الحلبي - 3",2014-05-07T14:04:15Z,"muhammed.al7alabi"
"509815325770537","كتيبة الحسن بن علي",2014-05-07T14:04:08Z,"al7asanbin3li"
"508017472607671","كاريكاتور وطني",2014-05-07T14:04:18Z,"caricature"
"346796602092946","جمعية حنين الخيرية للرعاية الطبية والتامين الدوائي",2014-05-07T14:03:29Z,"hanen1.2013"
"208590335819171","جمعية أهل الخير",2014-05-07T14:03:44Z,"ahl.alkher.sy"
"588753867844333","فريق تبليغات تابع لفريق الهكر السوري",2014-05-07T14:03:22Z,"588753867844333"
"560512290699831","تنسيقية مدينة الباب وضواحيهـا",2014-05-07T14:03:39Z,"cabcs6"
"1390017571227279","منبج مباشر Manbej mubasher",2014-05-07T14:03:28Z,"1390017571227279"
"483068941805339","منبج الآن Manbej Now",2014-05-07T14:03:32Z,"manbejnow1"
"233658836808998","منبجيات 2014",2014-05-07T14:03:33Z,"233658836808998"
"681699155209545","منبج الحدث",2014-05-07T14:03:31Z,"manbijalhadath"
"1428070977434971","غرفة عمليات منبج",2014-05-07T14:03:32Z,"1428070977434971"
"563742307028086","منبج الفيحاء",2014-05-07T14:03:45Z,"manbejalfyha"
"464614906999696","المكتب الاعلامي لمدينة منبج الحرة / الصفحة البديلة /",2014-05-07T14:03:34Z,"464614906999696"
"210162322513393","ضد داعش",2014-05-07T14:03:38Z,"210162322513393"
"579271968819999","لواء احرار سوريا الجبهة الشرقية منبج",2014-05-07T14:03:34Z,"579271968819999"
"205743382956421","سلسلة جرائم داعش",2014-05-07T14:03:39Z,"205743382956421"
"601491296","Fares Radwan",2014-05-07T16:01:04Z,"faresx10"
"100007326760708","Hero Mental",2014-05-07T12:03:16Z,"hmental"
"233367050137708","Human Rights Office in East Ghouta",2014-05-07T14:03:50Z,"h.r.o.east.ghouta2011"
"641609522544125","مدونة دليلك التقنية",2014-05-07T14:03:55Z,"dleelktv"
"100007796714260","Abo Fahd Al-Hamwi",2014-05-07T14:03:52Z,"abofahd.alhamwi.98"
"587983141244143","ديني هو الاسلام",2014-05-07T14:03:53Z,"dene.ho.alaslam"
"100000624240395","د.أسامة الصالح",2014-05-07T14:12:02Z,"alra7ba"
"100001633632812","Ammar Attia",2014-05-07T14:03:52Z,"ammar.attia"
"603302551","Ahmed Nour",2014-05-07T12:03:44Z,"nour.lazzorii"
"474335242696363","نَوَى الرُّوْح",2014-05-07T14:03:49Z,"nawaalrooh"
"284218051696504","عائدون يا درعا",2014-05-07T14:03:49Z,"284218051696504"
"310416852446028","شبكة منبج الاسلامية",,"islamic.network.manbij"
"624025651000463","Bilad al Sham News and Updates",2014-05-07T14:03:56Z,"624025651000463"
"100006923349513","Âßõ Mûáž",2014-05-07T14:03:54Z,"abo.muaz.syria.homs"
"190474417822501","English",2014-05-07T16:01:59Z,"almaraah2014"
"607895912582812","الشباب السوري الثائر",2014-05-07T14:03:49Z,"damas.rev.youth1"
"1374598669493054","ماهر عبد الحفيظ حجار",2014-05-07T14:03:51Z,"maher.hajjar.official"
"185031625034188","تنسيقية كفربطنا - الثورة السورية في ريف دمشق",2014-05-07T14:21:55Z,"coordinating.city.kafrbatna"
"843646215661200","الحقيقة منبج",2014-05-07T14:49:29Z,"manbej.truth1"
"703788143011395","وِزَارَةُ ٱلْإِعْلاَم لِلدَّوْلَة ٱلْإِسْلاَمِيَّة فِي ٱلْعِرَاق وَ ٱلشَّام",2014-05-07T14:56:14Z,"islamic.state.in.iraq.and.the.sham"
"540760022707056","شبكة اخبار باب المنكوبين 7",2014-05-07T15:00:27Z,"mankobin7"
